"AnyMaze_Test";"Animal";"Task";"Type";"Sampling";"Retention";"Apperatus";"Date";"Entry";"Time";"Familiar_Object";"Unfamiliar_Object";"Familiar_Position";"Unfamiliar_Position";"Retention_Check";"Notes";"Cum_dist_min_1";"Cum_dist_min_2";"Cum_dist_min_3";"Cum_dist_min_4";"Cum_dist_min_5";"Bin_dist_min_1";"Bin_dist_min_2";"Bin_dist_min_3";"Bin_dist_min_4";"Bin_dist_min_5";"Cum_velo_min_1";"Cum_velo_min_2";"Cum_velo_min_3";"Cum_velo_min_4";"Cum_velo_min_5";"Bin_velo_min_1";"Bin_velo_min_2";"Bin_velo_min_3";"Bin_velo_min_4";"Bin_velo_min_5";"Cum_BaLe_exp_1";"Cum_BaLe_exp_2";"Cum_BaLe_exp_3";"Cum_BaLe_exp_4";"Cum_BaLe_exp_5";"Bin_BaLe_exp_1";"Bin_BaLe_exp_2";"Bin_BaLe_exp_3";"Bin_BaLe_exp_4";"Bin_BaLe_exp_5";"BaLe_exp_Latency";"Cum_FrRi_exp_1";"Cum_FrRi_exp_2";"Cum_FrRi_exp_3";"Cum_FrRi_exp_4";"Cum_FrRi_exp_5";"Bin_FrRi_exp_1";"Bin_FrRi_exp_2";"Bin_FrRi_exp_3";"Bin_FrRi_exp_4";"Bin_FrRi_exp_5";"FrRi_exp_Latency";"Cum_BaLe_tim_1";"Cum_BaLe_tim_2";"Cum_BaLe_tim_3";"Cum_BaLe_tim_4";"Cum_BaLe_tim_5";"Bin_BaLe_tim_1";"Bin_BaLe_tim_2";"Bin_BaLe_tim_3";"Bin_BaLe_tim_4";"Bin_BaLe_tim_5";"Cum_BaRi_tim_1";"Cum_BaRi_tim_2";"Cum_BaRi_tim_3";"Cum_BaRi_tim_4";"Cum_BaRi_tim_5";"Bin_BaRi_tim_1";"Bin_BaRi_tim_2";"Bin_BaRi_tim_3";"Bin_BaRi_tim_4";"Bin_BaRi_tim_5";"Cum_FrLe_tim_1";"Cum_FrLe_tim_2";"Cum_FrLe_tim_3";"Cum_FrLe_tim_4";"Cum_FrLe_tim_5";"Bin_FrLe_tim_1";"Bin_FrLe_tim_2";"Bin_FrLe_tim_3";"Bin_FrLe_tim_4";"Bin_FrLe_tim_5";"Cum_FrRi_tim_1";"Cum_FrRi_tim_2";"Cum_FrRi_tim_3";"Cum_FrRi_tim_4";"Cum_FrRi_tim_5";"Bin_FrRi_tim_1";"Bin_FrRi_tim_2";"Bin_FrRi_tim_3";"Bin_FrRi_tim_4";"Bin_FrRi_tim_5";"Total_exp_time";"Bin_Trgt_exp_min_1";"Bin_Trgt_exp_min_2";"Bin_Trgt_exp_min_3";"Bin_Trgt_exp_min_4";"Bin_Trgt_exp_min_5";"Cum_Trgt_exp_min_1";"Cum_Trgt_exp_min_2";"Cum_Trgt_exp_min_3";"Cum_Trgt_exp_min_4";"Cum_Trgt_exp_min_5";"Bin_Cntl_exp_min_1";"Bin_Cntl_exp_min_2";"Bin_Cntl_exp_min_3";"Bin_Cntl_exp_min_4";"Bin_Cntl_exp_min_5";"Cum_Cntl_exp_min_1";"Cum_Cntl_exp_min_2";"Cum_Cntl_exp_min_3";"Cum_Cntl_exp_min_4";"Cum_Cntl_exp_min_5";"Bin_DiRa_min_1";"Bin_DiRa_min_2";"Bin_DiRa_min_3";"Bin_DiRa_min_4";"Bin_DiRa_min_5";"Cum_DiRa_min_1";"Cum_DiRa_min_2";"Cum_DiRa_min_3";"Cum_DiRa_min_4";"Cum_DiRa_min_5"
1;"Animal3-RD1-Test_OFA";"Schema";"Interference";1;"Sleep";"OFA";"22.12.2022";"F";"12:56";5;5;"LF";"LB";"yes";"";5,605;13,662;15,873;15,873;16,85;5,605;8,058;2,211;0;0,977;0,093;0,114;0,088;0,066;0,056;0,093;0,134;0,037;0;0,016;1,9;1,9;2,4;2,4;2,4;1,9;0;0,6;0;0;3,8;0,8;1,1;1,2;1,2;1,2;0,8;0,3;0,1;0;0;0,7;11,6;15,9;21,2;21,2;21,2;11,6;4,3;5,3;0;0;4,3;14,5;15,4;15,4;15,4;4,3;10,2;0,9;0;0;7,8;27,4;33,9;33,9;34,2;7,8;19,6;6,5;0;0,3;36,3;62,2;109,5;169,5;229,1;36,3;25,8;47,3;60;59,7;3,6;1,9;0;0,6;0;0;1,9;1,9;2,4;2,4;2,4;0,8;0,3;0,1;0;0;0,8;1,1;1,2;1,2;1,2;0,407407407407407;-1;0,714285714285714;NA;NA;0,407407407407407;0,266666666666667;0,333333333333333;0,333333333333333;0,333333333333333
2;"Animal4-DRD-Test_OFA";"Schema";"Interference";1;"Sleep";"OFA";"14.02.2023";"F";"13:07";5;5;"RF";"LB";"yes";"";8,52;14,277;17,973;19,228;19,887;8,52;5,757;3,696;1,255;0,659;0,142;0,119;0,1;0,08;0,066;0,142;0,096;0,062;0,021;0,011;1,3;1,7;1,7;1,7;1,7;1,3;0,5;0;0;0;8,4;0,9;1,5;1,6;1,6;1,6;0,9;0,6;0,1;0;0;19,3;20,9;29,9;29,9;29,9;29,9;20,9;9;0;0;0;9,8;12,2;15,1;15,1;15,1;9,8;2,4;2,9;0;0;15,7;32,6;51,6;51,6;56,1;15,7;16,9;19,1;0;4,4;13,6;45,3;83,4;143,4;199;13,6;31,7;38;60;55,6;3,3;1,3;0,5;0;0;0;1,3;1,7;1,7;1,7;1,7;0,9;0,6;0,1;0;0;0,9;1,5;1,6;1,6;1,6;0,181818181818182;-0,0909090909090909;-1;NA;NA;0,181818181818182;0,0625;0,0303030303030303;0,0303030303030303;0,0303030303030303
3;"Animal5-GN2-Test_OFA";"Schema";"Interference";1;"Wake";"OFA";"17.02.2023";"B";"12:54";5;5;"RF";"RB";"yes";"";9,539;18,606;22,66;22,842;24,641;9,539;9,067;4,054;0,182;1,799;0,159;0,155;0,126;0,095;0,082;0,159;0,151;0,068;0,003;0,03;1,3;2,1;2,2;2,2;2,2;1,3;0,9;0,1;0;0;14,3;1,1;1,6;1,6;1,6;1,6;1,1;0,6;0;0;0;5,5;22;33,5;61,5;61,5;61,5;22;11,5;28;0;0;14,7;30,7;37,5;37,5;39,8;14,7;16;6,8;0;2,3;7;19,1;31;31;33,1;7;12,1;12;0;2,1;16,3;36,7;49,9;109,9;165,5;16,3;20,4;13,3;60;55,6;3,8;1,3;0,9;0,1;0;0;1,3;2,1;2,2;2,2;2,2;1,1;0,6;0;0;0;1,1;1,6;1,6;1,6;1,6;0,0833333333333333;0,2;1;NA;NA;0,0833333333333333;0,135135135135135;0,157894736842105;0,157894736842105;0,157894736842105
4;"Animal6-RD2-Test_OFA";"Schema";"Interference";1;"Sleep";"OFA";"28.02.2023";"L";"13:07";5;5;"LB";"RB";"yes";"";8,516;13,57;13,9;17,524;21,544;8,516;5,054;0,33;3,623;4,021;0,142;0,113;0,077;0,073;0,072;0,142;0,084;0,006;0,06;0,067;0,2;0,5;0,5;0,5;0,5;0,2;0,3;0;0;0;6,9;2;2,1;2,1;2,4;2,5;2;0,1;0;0,3;0,1;9,6;8,6;16,8;16,8;31,5;41,8;8,6;8,1;0;14,7;10,3;27,7;32,5;32,5;53,3;65,4;27,7;4,7;0;20,8;12,1;7,7;31,6;31,6;37,7;50,1;7,7;24;0;6,1;12,4;16;39,1;99,1;117,6;142,6;16;23,2;60;18,4;25,1;3;2;0,1;0;0,3;0,1;2;2,1;2,1;2,4;2,5;0,2;0,3;0;0;0;0,2;0,5;0,5;0,5;0,5;0,818181818181818;-0,5;NA;1;1;0,818181818181818;0,615384615384615;0,615384615384615;0,655172413793103;0,666666666666667
5;"Animal7-BE2-Test_OFA";"Schema";"Interference";1;"Wake";"OFA";"03.03.2023";"F";"13:08";5;5;"LB";"LF";"yes";"";7,542;12,82;17,503;22,626;22,626;7,542;5,278;4,683;5,123;0;0,126;0,107;0,097;0,094;0,075;0,126;0,088;0,078;0,085;0;1,6;2,5;2,5;2,7;2,7;1,6;1;0;0,2;0;20,8;0,7;1,2;1,4;2,8;2,8;0,7;0,5;0,3;1,3;0;2,9;17,6;32,1;46,5;53;53;17,6;14,6;14,4;6,5;0;6,1;15,3;39,3;40,5;40,5;6,1;9,2;23,9;1,2;0;26,9;48;66,4;99,6;99,6;26,9;21,1;18,4;33,2;0;9,4;24,5;27,8;46,9;106,9;9,4;15,1;3,3;19,1;60;5,5;0,7;0,5;0,3;1,3;0;0,7;1,2;1,4;2,8;2,8;1,6;1;0;0,2;0;1,6;2,5;2,5;2,7;2,7;-0,391304347826087;-0,333333333333333;1;0,733333333333333;NA;-0,391304347826087;-0,351351351351351;-0,282051282051282;0,0181818181818181;0,0181818181818181
6;"Animal8-RD3-Test_OFA";"Schema";"Interference";1;"Sleep";"OFA";"14.03.2023";"B";"13:00";5;5;"RB";"LB";"yes";"";7,303;12,696;15,842;21,952;24,926;7,303;5,393;3,146;6,11;2,974;0,122;0,106;0,088;0,091;0,083;0,122;0,09;0,052;0,102;0,05;1,2;2,2;2,4;2,4;3;1,2;1;0,2;0;0,6;35,8;1,6;2,5;2,5;3,2;3,6;1,6;0,9;0;0,7;0,3;12,4;12,7;32,4;35,1;56,2;75,7;12,7;19,7;2,7;21,1;19,5;16,3;41;41,3;53,5;64,5;16,3;24,7;0,3;12,2;11;13,9;22,9;74,7;87;116,5;13,9;8,9;51,8;12,3;29,5;17,1;23,8;28,9;43,2;43,2;17,1;6,7;5,2;14,3;0;6,6;1,2;1;0,2;0;0,6;1,2;2,2;2,4;2,4;3;1,6;0,9;0;0,7;0,3;1,6;2,5;2,5;3,2;3,6;-0,142857142857143;0,0526315789473684;1;-1;0,333333333333333;-0,142857142857143;-0,0638297872340425;-0,0204081632653061;-0,142857142857143;-0,0909090909090909
7;"Animal9-BE3-Test_OFA";"Schema";"Interference";1;"Wake";"OFA";"17.03.2023";"R";"13:05";5;5;"LF";"LB";"yes";"";10,381;15,534;18,088;24,816;30,45;10,381;5,152;2,555;6,727;5,634;0,173;0,129;0,1;0,103;0,102;0,173;0,086;0,043;0,112;0,094;2,1;2,7;2,7;3,4;3,5;2,1;0,6;0;0,7;0,1;2,7;0,4;0,4;0,4;1,7;3;0,4;0;0;1,3;1,4;8,5;13,9;29;29;39,6;46,2;13,9;15;0;10,6;6,6;14,8;29,1;45,4;72,1;100,5;14,8;14,3;16,3;26,7;28,4;8,9;10,6;13,9;28,2;41,8;8,9;1,7;3,3;14,3;13,6;22,4;51,4;91,8;100,2;111,5;22,4;29;40,4;8,4;11,3;6,5;2,1;0,6;0;0,7;0,1;2,1;2,7;2,7;3,4;3,5;0,4;0;0;1,3;1,4;0,4;0,4;0,4;1,7;3;0,68;1;NA;-0,3;-0,866666666666667;0,68;0,741935483870968;0,741935483870968;0,333333333333333;0,0769230769230769
8;"Animal10-DRD2-Test_OFA";"Schema";"Interference";1;"Sleep";"OFA";"28.03.2023";"L";"12:59";5;5;"LB";"RB";"yes";"";5,516;9,973;16,156;16,38;17,435;5,516;4,456;6,183;0,224;1,055;0,092;0,083;0,09;0,068;0,058;0,092;0,074;0,103;0,004;0,018;1,4;2,1;2,5;2,5;2,5;1,4;0,7;0,4;0;0;21,5;3,4;6,2;6,4;6,4;6,9;3,4;2,8;0,2;0;0,5;5,4;15,6;32,8;43;43;43;15,6;17,2;10,2;0;0;30,4;67,2;90,3;150,3;210,3;30,4;36,8;23,1;60;60;9,9;12,7;25,1;25,1;25,1;9,9;2,8;12,4;0;0;4,1;7,3;21,6;21,6;21,6;4,1;3,2;14,3;0;0;9,4;3,4;2,8;0,2;0;0,5;3,4;6,2;6,4;6,4;6,9;1,4;0,7;0,4;0;0;1,4;2,1;2,5;2,5;2,5;0,416666666666667;0,6;-0,333333333333333;NA;1;0,416666666666667;0,493975903614458;0,438202247191011;0,438202247191011;0,468085106382979
9;"Animal11-GN3-Test_OFA";"Schema";"Interference";1;"Wake";"OFA";"31.03.2023";"B";"13:04";5;5;"RB";"RF";"yes";"";6,791;12,345;15,376;20,718;26,931;6,791;5,553;3,032;5,341;6,214;0,113;0,103;0,085;0,086;0,09;0,113;0,093;0,051;0,089;0,104;0,4;0,4;0,4;0,4;0,4;0,4;0;0;0;0;10,6;0,6;0,6;1,2;1,8;1,8;0,6;0;0,6;0,6;0;3,5;3,3;16,5;16,5;22,2;42,8;3,3;13,2;0;5,7;20,7;15,4;31,9;37,7;52,7;62,1;15,4;16,5;5,9;15;9,4;11,8;21,8;33,9;36,7;57,9;11,8;10;12,1;2,8;21,2;29,5;49,8;91,9;128,4;137,1;29,5;20,4;42;36,6;8,7;2,2;0,6;0;0,6;0,6;0;0,6;0,6;1,2;1,8;1,8;0,4;0;0;0;0;0,4;0,4;0,4;0,4;0,4;0,2;NA;1;1;NA;0,2;0,2;0,5;0,636363636363636;0,636363636363636
10;"Animal12-GN4-Test_OFA";"Schema";"Interference";1;"Sleep";"OFA";"09.04.2023";"R";"13:03";5;5;"RF";"LF";"yes";"";6,997;13,302;18,012;24,443;29,705;6,997;6,306;4,71;6,431;5,262;0,117;0,111;0,1;0,102;0,099;0,117;0,105;0,078;0,107;0,088;0,6;0,8;0,8;1;1,3;0,6;0,2;0;0,2;0,3;11,6;1,7;1,9;2,1;2,3;2,9;1,7;0,1;0,3;0,2;0,6;3,2;5,7;34,7;34,7;65,4;79,5;5,7;29;0;30,7;14,2;19,1;39,4;74,3;86,8;93,8;19,1;20,3;34,9;12,5;7;6,9;11,1;21,9;29,2;50,1;6,9;4,3;10,8;7,3;20,9;28,3;34,7;49;58,6;76,5;28,3;6,5;14,3;9,6;17,9;4,2;0,6;0,2;0;0,2;0,3;0,6;0,8;0,8;1;1,3;1,7;0,1;0,3;0,2;0,6;1,7;1,9;2,1;2,3;2,9;-0,478260869565217;0,333333333333333;-1;0;-0,333333333333333;-0,478260869565217;-0,407407407407407;-0,448275862068965;-0,393939393939394;-0,380952380952381
11;"Animal13-DRD3-Test_OFA";"Schema";"Interference";1;"Wake";"OFA";"12.04.2023";"L";"13:05";5;5;"LF";"LB";"yes";"";8,71;16,357;19,131;27,922;33,729;8,71;7,647;2,774;8,79;5,808;0,145;0,136;0,106;0,116;0,112;0,145;0,127;0,046;0,147;0,097;1,2;1,4;1,6;2;2;1,2;0,2;0,2;0,4;0;2,2;0,8;0,9;0,9;1,8;2;0,8;0,1;0;0,9;0,1;29,2;25,6;34,3;40,3;53,6;91,4;25,6;8,8;6;13,2;37,8;10,6;25,6;26,5;44;55,2;10,6;15;1;17,5;11,1;16,5;27,1;27,6;46,2;52,2;16,5;10,7;0,5;18,6;6;7,4;33;85,5;96,2;101,3;7,4;25,6;52,5;10,7;5,1;4;1,2;0,2;0,2;0,4;0;1,2;1,4;1,6;2;2;0,8;0,1;0;0,9;0,1;0,8;0,9;0,9;1,8;2;0,2;0,333333333333333;1;-0,384615384615385;-1;0,2;0,217391304347826;0,28;0,0526315789473684;0
12;"Animal14-DB-Test_OFA";"Schema";"Interference";1;"Sleep";"OFA";"29.08.2023";"F";"13:55";5;5;"RF";"RB";"yes";"";3,474;7,252;12,441;16,605;20,181;3,474;3,778;5,189;4,164;3,576;0,058;0,06;0,069;0,069;0,067;0,058;0,063;0,086;0,069;0,06;0;1,1;1,5;1,5;1,5;0;1,1;0,3;0;0;72,9;1,3;2,8;3,2;3,3;3,3;1,3;1,5;0,3;0,1;0;53,2;6,6;6,6;20,5;32,3;41,9;6,6;0;13,9;11,8;9,6;0;9,2;16,4;16,4;28,4;0;9,2;7,2;0;12;29,6;54,7;87,4;114,7;152,7;29,6;25,1;32,7;27,3;38,1;23,9;49,5;55,8;76,6;76,9;23,9;25,7;6,3;20,9;0,3;4,8;0;1,1;0,3;0;0;0;1,1;1,5;1,5;1,5;1,3;1,5;0,3;0,1;0;1,3;2,8;3,2;3,3;3,3;-1;-0,153846153846154;0;-1;NA;-1;-0,435897435897436;-0,361702127659574;-0,375;-0,375
13;"Animal15-RD4-Test_OFA";"Schema";"Interference";1;"Sleep";"OFA";"29.08.2023";"R";"14:10";5;5;"LB";"LF";"yes";"";6,999;10,888;12,074;16,719;20,669;6,999;3,89;1,186;4,645;3,95;0,117;0,091;0,067;0,07;0,069;0,117;0,065;0,02;0,077;0,066;0,6;0,6;0,6;1,4;1,7;0,6;0;0;0,8;0,3;16,3;1,2;1,5;1,5;1,8;2,3;1,2;0,3;0;0,3;0,5;7,4;9,4;16,4;23,6;36,4;50,1;9,4;7;7,3;12,8;13,6;21;50,5;103,2;119,4;142,9;21;29,5;52,7;16,2;23,5;22;39,4;39,4;65,5;79,9;22;17,4;0;26;14,5;7,7;13,7;13,7;18,7;27,1;7,7;6,1;0;5;8,4;4;1,2;0,3;0;0,3;0,5;1,2;1,5;1,5;1,8;2,3;0,6;0;0;0,8;0,3;0,6;0,6;0,6;1,4;1,7;0,333333333333333;1;NA;-0,454545454545455;0,25;0,333333333333333;0,428571428571429;0,428571428571429;0,125;0,15
14;"Animal16-BE4-Test_OFA";"Schema";"Interference";1;"Wake";"OFA";"01.09.2023";"L";"13:50";5;5;"RB";"LB";"yes";"";5,231;11,3;14,022;22,925;28,819;5,231;6,068;2,722;8,903;5,894;0,087;0,094;0,078;0,096;0,096;0,087;0,101;0,045;0,148;0,098;3,2;3,3;3,4;3,9;4,1;3,2;0,1;0,1;0,5;0,2;2,1;0,2;0,8;1,1;1,6;1,6;0,2;0,7;0,2;0,5;0;10,4;39,1;68,9;111,3;130,1;147,9;39,1;29,9;42,4;18,7;17,8;4;22,6;28,8;40,8;54,4;4;18,6;6,2;12;13,5;14,8;21,9;22,5;45,2;72,7;14,8;7,1;0,5;22,8;27,5;2,1;6,5;17,4;23,9;25;2,1;4,4;10,9;6,5;1,1;5,7;3,2;0,1;0,1;0,5;0,2;3,2;3,3;3,4;3,9;4,1;0,2;0,7;0,2;0,5;0;0,2;0,8;1,1;1,6;1,6;0,88235294117647;-0,75;-0,333333333333333;0;1;0,88235294117647;0,609756097560976;0,511111111111111;0,418181818181818;0,43859649122807
15;"Animal17-GE5_-Test_OFA";"Schema";"Interference";1;"Wake";"OFA";"01.09.2023";"B";"14:04";5;5;"LF";"RF";"yes";"";10,917;19,702;28,835;35,176;44,728;10,917;8,784;9,133;6,341;9,551;0,182;0,164;0,16;0,147;0,149;0,182;0,146;0,152;0,106;0,159;1,1;1,6;2,1;2,1;2,2;1,1;0,5;0,4;0;0,1;3,9;1,5;5,8;5,9;6;6,3;1,5;4,3;0,1;0,1;0,3;17,4;14,9;18,9;33;49;61,3;14,9;3,9;14,1;16;12,3;9,9;18,8;40,9;62,3;68,6;9,9;8,9;22,1;21,4;6,3;16,1;21,5;39,6;47,1;67,8;16,1;5,4;18,1;7,5;20,7;19;60,8;66,5;81,6;102,4;19;41,8;5,7;15,1;20,8;8,5;1,5;4,3;0,1;0,1;0,3;1,5;5,8;5,9;6;6,3;1,1;0,5;0,4;0;0,1;1,1;1,6;2,1;2,1;2,2;0,153846153846154;0,791666666666667;-0,6;1;0,5;0,153846153846154;0,567567567567567;0,475;0,481481481481482;0,482352941176471
16;"Animal18-BE5-Test_OFA";"Schema";"Interference";1;"Sleep";"OFA";"14.09.2023";"L";"13:14";5;5;"LB";"RB";"yes";"";6,146;11,423;15,27;16,864;17,31;6,146;5,277;3,847;1,594;0,445;0,102;0,095;0,085;0,07;0,058;0,102;0,088;0,064;0,027;0,007;0,4;0,4;1;1;1;0,4;0;0,5;0;0;22,5;1,4;1,5;1,5;1,6;1,6;1,4;0,1;0;0,1;0;8,8;8;34,4;66,3;73,8;73,8;8;26,4;31,9;7,5;0;39,9;51,4;60;112,5;172,4;39,9;11,5;8,5;52,5;60;3,8;23,4;32,1;32,1;32,1;3,8;19,6;8,7;0;0;8,3;10,9;21,7;21,7;21,7;8,3;2,5;10,8;0;0;2,6;1,4;0,1;0;0,1;0;1,4;1,5;1,5;1,6;1,6;0,4;0;0,5;0;0;0,4;0,4;1;1;1;0,555555555555556;1;-1;1;NA;0,555555555555556;0,578947368421053;0,2;0,230769230769231;0,230769230769231
17;"Animal19-RD5-Test_OFA";"Schema";"Interference";1;"Sleep";"OFA";"14.09.2023";"B";"13:28";5;5;"RF";"LF";"yes";"";12,168;18,719;27,117;31,412;33,922;12,168;6,552;8,397;4,295;2,51;0,203;0,156;0,151;0,131;0,113;0,203;0,109;0,14;0,072;0,042;1,1;1,5;2,3;2,3;2,3;1,1;0,5;0,8;0;0;9,4;0,6;0,9;1,4;3,9;3,9;0,6;0,4;0,4;2,5;0;3,6;11,4;24;36,2;37,8;47,6;11,4;12,6;12,2;1,5;9,8;17,1;35,5;49,4;58,4;81,9;17,1;18,4;14;8,9;23,6;17,6;22,9;44,2;46,6;46,6;17,6;5,3;21,3;2,4;0;13,9;37,6;50,1;97,2;123,9;13,9;23,7;12,5;47,1;26,6;6,2;1,1;0,5;0,8;0;0;1,1;1,5;2,3;2,3;2,3;0,6;0,4;0,4;2,5;0;0,6;0,9;1,4;3,9;3,9;0,294117647058824;0,111111111111111;0,333333333333333;-1;NA;0,294117647058824;0,25;0,243243243243243;-0,258064516129032;-0,258064516129032
18;"Animal20-DB2-Test_OFA";"Schema";"Interference";1;"Wake";"OFA";"18.09.2023";"R";"13:08";5;5;"LF";"LB";"yes";"";8,152;16,851;24,12;29,534;35,039;8,152;8,699;7,27;5,413;5,505;0,136;0,14;0,134;0,123;0,117;0,136;0,145;0,121;0,09;0,092;0,4;0,6;0,7;0,8;0,9;0,4;0,1;0,1;0,1;0,1;27,3;0,7;1,6;1,9;2;2;0,7;1;0,2;0,2;0;4,3;12,2;32;50,6;55,6;68,7;12,2;19,8;18,6;5;13,1;17,9;30;40,7;64,1;80,5;17,9;12;10,8;23,4;16,4;13,7;35,9;56,4;71,2;92,1;13,7;22,2;20,6;14,7;20,9;16,3;22,2;32,3;49,1;58,7;16,3;5,9;10,1;16,9;9,6;2,9;0,4;0,1;0,1;0,1;0,1;0,4;0,6;0,7;0,8;0,9;0,7;1;0,2;0,2;0;0,7;1,6;1,9;2;2;-0,272727272727273;-0,818181818181818;-0,333333333333333;-0,333333333333333;1;-0,272727272727273;-0,454545454545455;-0,461538461538462;-0,428571428571429;-0,379310344827586
19;"Animal21-GN6-Test_OFA";"Schema";"Interference";1;"Wake";"OFA";"18.09.2023";"F";"13:21";5;5;"RB";"RF";"yes";"";7,14;13,372;19,754;22,632;28,63;7,14;6,231;6,382;2,878;5,998;0,119;0,111;0,11;0,094;0,095;0,119;0,104;0,106;0,048;0,1;0,3;1,5;1,5;1,5;1,7;0,3;1,2;0;0;0,2;9,2;1,7;1,9;2,1;2,3;2,4;1,7;0,2;0,2;0,1;0,1;3,3;17,6;17,6;24;25,9;32,8;17,6;0,1;6,4;1,9;6,9;11,6;28,3;36,9;37,3;55,9;11,6;16,6;8,6;0,4;18,7;5,5;18,3;33,1;46,7;57,5;5,5;12,8;14,8;13,6;10,8;25,3;55,7;86;130,1;153,8;25,3;30,5;30,2;44,2;23,7;4,1;1,7;0,2;0,2;0,1;0,1;1,7;1,9;2,1;2,3;2,4;0,3;1,2;0;0;0,2;0,3;1,5;1,5;1,5;1,7;0,7;-0,714285714285714;1;1;-0,333333333333333;0,7;0,117647058823529;0,166666666666667;0,210526315789474;0,170731707317073
20;"Animal22-GN7-Test_OFA";"Schema";"Interference";1;"Wake";"OFA";"27.09.2023";"L";"13:32";5;5;"RF";"LF";"yes";"";5,538;9,914;15,257;18,026;18,85;5,538;4,376;5,343;2,768;0,824;0,092;0,083;0,085;0,075;0,063;0,092;0,073;0,089;0,046;0,014;1,3;1,4;2,2;2,2;2,2;1,3;0,1;0,9;0;0;5,7;2,1;2,2;2,3;2,3;2,7;2,1;0,1;0,1;0;0,4;13;14,2;15;24,8;30,3;30,3;14,2;0,8;9,8;5,5;0;3,9;13,6;15,9;15,9;15,9;3,9;9,7;2,3;0;0;23,8;38,2;67,3;94,7;94,7;23,8;14,4;29,1;27,4;0;18,2;53,3;72;99,1;159,1;18,2;35,1;18,8;27,1;60;4,9;1,3;0,1;0,9;0;0;1,3;1,4;2,2;2,2;2,2;2,1;0,1;0,1;0;0,4;2,1;2,2;2,3;2,3;2,7;-0,235294117647059;0;0,8;NA;-1;-0,235294117647059;-0,222222222222222;-0,0222222222222221;-0,0222222222222221;-0,102040816326531
21;"Animal23-DB3-Test_OFA";"Schema";"Interference";1;"Wake";"OFA";"27.09.2023";"B";"13:44";5;5;"LB";"RB";"yes";"";5,509;11,862;17,053;18,583;19,585;5,509;6,353;5,191;1,529;1,002;0,092;0,099;0,095;0,077;0,065;0,092;0,106;0,087;0,025;0,017;0,7;0,9;1,5;1,5;1,5;0,7;0,3;0,5;0;0;21,3;0,1;0,7;1,2;1,2;1,2;0,1;0,6;0,5;0;0;37,5;20,9;31,4;56,9;56,9;56,9;20,9;10,5;25,6;0;0;14,8;43,3;54;54;59,9;14,8;28,6;10,7;0;5,9;13,2;25,7;33,8;67,9;67,9;13,2;12,5;8,1;34;0;11,2;19,6;35,2;61,2;115,3;11,2;8,4;15,7;26;54,1;2,7;0,1;0,6;0,5;0;0;0,1;0,7;1,2;1,2;1,2;0,7;0,3;0,5;0;0;0,7;0,9;1,5;1,5;1,5;-0,75;0,333333333333333;0;NA;NA;-0,75;-0,125;-0,111111111111111;-0,111111111111111;-0,111111111111111
22;"Animal24-BE6-Test_OFA";"Schema";"Schema";1;"Sleep";"OFA";"12.04.2024";"F";"13:22";5;5;"LB";"RB";"no";"Running";5,966;10,805;18,449;24,74;31,141;5,966;4,839;7,644;6,291;6,401;0,099;0,09;0,102;0,103;0,104;0,099;0,081;0,127;0,105;0,107;0,1;0,2;0,6;0,6;0,7;0,1;0,1;0,4;0;0,1;5,8;2;3,3;4,3;4,3;4,4;2;1,3;1;0;0,1;7,8;3,7;13;28,7;34,2;38,6;3,7;9,3;15,7;5,6;4,3;20,5;45;75,9;84,8;108,8;20,5;24,5;30,9;8,8;24;28,2;51,4;55,4;89,4;111,1;28,2;23,3;3,9;34,1;21,7;7,6;10,6;20,1;31,6;41,5;7,6;3;9,5;11,5;9,9;5,1;2;1,3;1;0;0,1;2;3,3;4,3;4,3;4,4;0,1;0,1;0,4;0;0,1;0,1;0,2;0,6;0,6;0,7;0,904761904761905;0,857142857142857;0,428571428571429;NA;0;0,904761904761905;0,885714285714286;0,755102040816327;0,755102040816327;0,725490196078431
23;"Animal25-DRD3-Test_OFA";"Schema";"Schema";1;"Sleep";"OFA";"12.04.2024";"R";"13:35";5;5;"RF";"LF";"no";"Running and 2 Jumps";9,056;15,284;25,055;34,937;40,316;9,056;6,228;9,77;9,882;5,379;0,151;0,127;0,139;0,146;0,134;0,151;0,104;0,163;0,165;0,09;0,7;2;2,3;2,7;2,7;0,7;1,3;0,3;0,4;0;12,6;1,1;1,7;2;2;2;1,1;0,6;0,4;0;0;1,9;5,2;8,6;15,3;25,2;27,5;5,2;3,4;6,8;9,9;2,3;12,8;37,9;60,1;78,1;118,8;12,8;25,1;22,2;18;40,6;20,2;35,8;52,9;71,7;73,6;20,2;15,6;17,1;18,8;1,9;21,8;37,7;51,6;64,9;80,2;21,8;15,8;13,9;13,3;15,2;4,7;0,7;1,3;0,3;0,4;0;0,7;2;2,3;2,7;2,7;1,1;0,6;0,4;0;0;1,1;1,7;2;2;2;-0,222222222222222;0,368421052631579;-0,142857142857143;1;NA;-0,222222222222222;0,0810810810810811;0,0697674418604651;0,148936170212766;0,148936170212766
24;"Animal26-GN8-Test_OFA";"Schema";"Schema";1;"Sleep";"OFA";"19.04.2024";"F";"13:22";5;5;"LF";"LB";"no";"Less running, 1 jump";5,054;8,974;14,781;20,829;25,488;5,054;3,921;5,807;6,047;4,659;0,084;0,075;0,082;0,087;0,085;0,084;0,065;0,097;0,101;0,078;1,3;2,4;4,4;5;6,1;1,3;1,1;2;0,6;1;7,8;2,2;2,4;2,5;3,6;5,8;2,2;0,2;0,1;1,1;2,2;17;9;19,4;42;62,8;86,8;9;10,5;22,5;20,9;24;2,4;7,3;13;14,8;18;2,4;4,9;5,7;1,8;3,2;22,1;36,9;55,9;76,1;107,2;22,1;14,8;19;20,2;31,1;26,5;56,4;69,1;86,2;88;26,5;29,9;12,8;17,1;1,8;11,9;1,3;1,1;2;0,6;1;1,3;2,4;4,4;5;6,1;2,2;0,2;0,1;1,1;2,2;2,2;2,4;2,5;3,6;5,8;-0,257142857142857;0,692307692307692;0,904761904761905;-0,294117647058824;-0,375;-0,257142857142857;0;0,27536231884058;0,162790697674419;0,0252100840336134
25;"Animal27-RD6-Test_OFA";"Schema";"Schema";1;"Sleep";"OFA";"19.04.2024";"B";"13:35";5;5;"RB";"RF";"no";"normal";6,537;11,04;16,242;20,681;23,797;6,537;4,503;5,201;4,44;3,115;0,109;0,092;0,09;0,086;0,079;0,109;0,075;0,087;0,074;0,052;0,4;0,5;1,3;3,6;3,6;0,4;0,1;0,8;2,2;0;32,7;1,2;1,4;1,9;1,9;1,9;1,2;0,2;0,5;0;0;8,2;5,9;9,8;20,8;34,6;44,4;5,9;3,9;11;13,9;9,7;24,7;39;54,9;86,7;101,8;24,7;14,3;15,9;31,8;15,1;6,1;11,3;25,5;37,3;67,9;6,1;5,2;14,2;11,8;30,7;23,3;59,9;78,9;81,4;85,9;23,3;36,6;19;2,5;4,5;5,5;1,2;0,2;0,5;0;0;1,2;1,4;1,9;1,9;1,9;0,4;0,1;0,8;2,2;0;0,4;0,5;1,3;3,6;3,6;0,5;0,333333333333333;-0,230769230769231;-1;NA;0,5;0,473684210526316;0,1875;-0,309090909090909;-0,309090909090909
26;"Animal28-GN9-Test_OFA";"Schema";"Schema";1;"Sleep";"OFA";"26.04.2024";"F";"13:19";5;5;"RB";"LB";"no";"normal";7,52;13,073;19,138;25,888;29,862;7,52;5,553;6,065;6,751;3,974;0,125;0,109;0,106;0,108;0,1;0,125;0,093;0,101;0,113;0,066;0,1;0,9;0,9;0,9;1;0,1;0,7;0;0;0,1;1;0,1;0,1;0,1;0,3;0,3;0,1;0;0;0,2;0;2,6;4,3;32,6;43,2;53,5;61,1;4,3;28,4;10,5;10,3;7,6;8,4;22,9;30,8;49,7;50,5;8,4;14,5;7,9;18,9;0,8;28,3;42,7;78,8;86,4;130;28,3;14,4;36,1;7,7;43,5;19;21,8;27,2;50,4;58,4;19;2,7;5,5;23,2;8;1,3;0,1;0,7;0;0;0,1;0,1;0,9;0,9;0,9;1;0,1;0;0;0,2;0;0,1;0,1;0,1;0,3;0,3;0;1;NA;-1;1;0;0,8;0,8;0,5;0,538461538461538
27;"Animal29-DB4-Test_OFA";"Schema";"Schema";1;"Sleep";"OFA";"26.04.2024";"L";"13:33";5;5;"LF";"RF";"no";"normal";7,909;13,392;18,521;23,004;27,018;7,909;5,483;5,13;4,483;4,014;0,132;0,112;0,103;0,096;0,09;0,132;0,091;0,085;0,075;0,067;0,7;1,1;1,2;1,2;1,2;0,7;0,4;0,1;0;0;4;0,4;0,5;0,5;0,5;0,5;0,4;0,1;0;0;0;38,9;12,3;17,6;37,5;47,8;53,8;12,3;5,3;19,9;10,3;6;16,4;21,5;46,2;71,3;84,7;16,4;5,1;24,7;25,1;13,4;20,5;46,4;52;65,4;75,4;20,5;25,9;5,5;13,4;10;10,8;34,5;44,4;55,5;86,1;10,8;23,7;9,9;11,1;30,5;1,7;0,4;0,1;0;0;0;0,4;0,5;0,5;0,5;0,5;0,7;0,4;0,1;0;0;0,7;1,1;1,2;1,2;1,2;-0,272727272727273;-0,6;-1;NA;NA;-0,272727272727273;-0,375;-0,411764705882353;-0,411764705882353;-0,411764705882353
28;"Animal30-RD7-Test_OFA";"Schema";"Schema";1;"Sleep";"OFA";"03.05.2024";"R";"13:09";5;5;"LB";"LF";"no";"normal";5,145;8,648;11,996;16,996;21,784;5,145;3,503;3,348;5;4,788;0,086;0,072;0,067;0,071;0,073;0,086;0,058;0,056;0,083;0,08;0;0;0,1;0,1;0,1;0;0;0,1;0;0;157,2;1,1;1,4;1,8;1,8;2,2;1,1;0,3;0,3;0;0,5;3,3;8;9,2;21,8;26,5;29;8;1,2;12,6;4,8;2,5;24,9;30,6;47,5;89,8;110,9;24,9;5,7;17;42,3;21;13,3;28,6;59;63,8;92,7;13,3;15,4;30,4;4,8;28,9;13,8;51,6;51,6;59,8;67,4;13,8;37,8;0;8,2;7,6;2,3;1,1;0,3;0,3;0;0,5;1,1;1,4;1,8;1,8;2,2;0;0;0,1;0;0;0;0;0,1;0,1;0,1;1;1;0,5;NA;1;1;1;0,894736842105263;0,894736842105263;0,91304347826087
29;"Animal31-BE7-Test_OFA";"Schema";"Schema";1;"Sleep";"OFA";"03.05.2024";"L";"13:24";5;5;"RF";"RB";"no";"repeated object climbing and 1 jump";7,537;13,442;21,36;27,905;34,094;7,537;5,905;7,918;6,545;6,189;0,126;0,112;0,119;0,116;0,114;0,126;0,098;0,132;0,109;0,103;1;1,4;1,4;1,4;1,4;1;0,4;0;0;0;5,6;0,1;0,2;0,3;0,3;0,3;0,1;0,1;0,2;0;0;12,1;22,3;44,4;60,1;68,7;72,3;22,3;22,1;15,7;8,5;3,6;13,8;36;41,5;83,6;136,6;13,8;22,2;5,5;42,2;52,9;18,9;25,2;49,3;49,7;51;18,9;6,3;24,1;0,3;1,3;4,9;14,4;29,1;38;40,2;4,9;9,4;14,7;9;2,2;1,7;1;0,4;0;0;0;1;1,4;1,4;1,4;1,4;0,1;0,1;0,2;0;0;0,1;0,2;0,3;0,3;0,3;0,818181818181818;0,6;-1;NA;NA;0,818181818181818;0,75;0,647058823529412;0,647058823529412;0,647058823529412
30;"Animal32-DRD4-Test_OFA";"Schema";"Schema";1;"Sleep";"OFA";"10.05.2024";"B";"13:18";5;5;"LF";"RF";"no";"normal";8,259;14,269;22,147;28,686;31,993;8,259;6,01;7,878;6,538;3,308;0,138;0,119;0,123;0,12;0,107;0,138;0,1;0,131;0,109;0,055;0,1;1,8;2,3;2,3;2,4;0,1;1,7;0,6;0;0,1;8,5;2,3;3,3;3,7;4,1;4,1;2,3;1;0,4;0,4;0;3,6;15,3;20,3;27,4;46;47,4;15,3;5;7,1;18,6;1,4;11,5;17,4;25,5;34,9;35,6;11,5;6;8,1;9,4;0,7;18;48,7;79,4;95;146,6;18;30,6;30,7;15,6;51,5;15,2;33,6;47,7;64,1;70,4;15,2;18,4;14,1;16,4;6,3;6,5;2,3;1;0,4;0,4;0;2,3;3,3;3,7;4,1;4,1;0,1;1,7;0,6;0;0,1;0,1;1,8;2,3;2,3;2,4;0,916666666666667;-0,259259259259259;-0,2;1;-1;0,916666666666667;0,294117647058823;0,233333333333333;0,28125;0,261538461538461
31;"Animal33-BE8-Test_OFA";"Schema";"Schema";1;"Sleep";"OFA";"10.05.2024";"R";"13:32";5;5;"RB";"LB";"no";"";7,408;13,699;20,824;26,194;31,331;7,408;6,291;7,125;5,37;5,137;0,123;0,114;0,116;0,109;0,104;0,123;0,105;0,119;0,089;0,086;1,9;2,7;3;3;3;1,9;0,7;0,3;0;0;13,3;0,4;0,4;0,6;0,6;0,6;0,4;0;0,2;0;0;1,3;17;42,8;61;71,9;77,9;17;25,8;18,2;10,9;6;18,5;23,1;36;52,6;59,3;18,5;4,6;12,9;16,6;6,7;15,7;42,2;57,4;69,7;106,4;15,7;26,5;15,2;12,3;36,7;8,7;11,9;25,6;45,8;56,4;8,7;3,2;13,7;20,3;10,6;3,6;1,9;0,7;0,3;0;0;1,9;2,7;3;3;3;0,4;0;0,2;0;0;0,4;0,4;0,6;0,6;0,6;0,652173913043478;1;0,2;NA;NA;0,652173913043478;0,741935483870968;0,666666666666667;0,666666666666667;0,666666666666667
32;"SSD-01-RD1";"Schema";"Schema";1;"Wake";"OFA";"19.07.2024";"F";"13:09";5;5;"LB";"RB";"yes";"normal";8,792;13,49;19,276;22,324;23,184;8,792;4,698;5,786;3,048;0,86;0,147;0,112;0,107;0,093;0,077;0,147;0,078;0,096;0,051;0,014;1,2;1,5;1,6;1,8;1,8;1,2;0,3;0,1;0,2;0;6,4;1,4;1,8;1,8;2,4;2,4;1,4;0,4;0;0,6;0;1,9;14,4;29,6;42,5;57,4;57,4;14,4;15,2;13;14,9;0;12;17,4;27,2;38,2;38,2;12;5,5;9,8;11;0;20,1;27,4;48,5;52,2;52,2;20,1;7,3;21,1;3,7;0;13,6;45,6;61,8;92,2;152,2;13,6;32;16,2;30,5;60;4,2;1,4;0,4;0;0,6;0;1,4;1,8;1,8;2,4;2,4;1,2;0,3;0,1;0,2;0;1,2;1,5;1,6;1,8;1,8;0,0769230769230769;0,142857142857143;-1;0,5;NA;0,0769230769230769;0,0909090909090909;0,0588235294117647;0,142857142857143;0,142857142857143
33;"SSD-02-BL2";"Schema";"Schema";1;"Wake";"OFA";"19.07.2024";"R";"13:20";5;5;"RF";"LF";"yes";"running";10,193;17,34;21,703;24,603;32,177;10,193;7,148;4,363;2,9;7,574;0,17;0,145;0,121;0,103;0,107;0,17;0,119;0,073;0,048;0,126;0,5;0,9;0,9;0,9;1,2;0,5;0,4;0;0;0,3;4,3;0,2;0,8;0,8;0,8;1,1;0,2;0,6;0;0;0,3;12,7;10,8;33;71,3;124,4;136,8;10,8;22,2;38,3;53,1;12,4;17,8;25,2;46,9;46,9;62,6;17,8;7,5;21,7;0;15,7;13;25,1;25,1;31,5;47;13;12;0;6,5;15,5;18,4;36,7;36,7;37,1;53,6;18,4;18,3;0;0,4;16,5;2,3;0,5;0,4;0;0;0,3;0,5;0,9;0,9;0,9;1,2;0,2;0,6;0;0;0,3;0,2;0,8;0,8;0,8;1,1;0,428571428571429;-0,2;NA;NA;0;0,428571428571429;0,0588235294117647;0,0588235294117647;0,0588235294117647;0,0434782608695652
34;"SSD-03-BE1";"Schema";"Schema";1;"Wake";"OFA";"09.08.2024";"F";"13:08";5;5;"LF";"LB";"yes";"normal";6,34;8,598;10,673;12,701;15,765;6,34;2,257;2,075;2,028;3,065;0,106;0,072;0,059;0,053;0,053;0,106;0,038;0,035;0,034;0,051;0,8;0,9;0,9;0,9;0,9;0,8;0,1;0;0;0;9,3;1,7;1,7;1,7;1,7;1,8;1,7;0;0;0;0,1;2,9;6,2;9,3;9,3;9,3;15,1;6,2;3,2;0;0;5,7;4,3;5,9;5,9;5,9;6,8;4,3;1,5;0;0;1;17;18,2;20,6;21;27;17;1,2;2,4;0,4;6;32,5;86,6;144,2;203,8;251;32,5;54,1;57,6;59,6;47,3;2,7;0,8;0,1;0;0;0;0,8;0,9;0,9;0,9;0,9;1,7;0;0;0;0,1;1,7;1,7;1,7;1,7;1,8;-0,36;1;NA;NA;-1;-0,36;-0,307692307692308;-0,307692307692308;-0,307692307692308;-0,333333333333333
35;"SSD-04-GN1";"Schema";"Schema";1;"Wake";"OFA";"09.08.2024";"B";"13:19";5;5;"RB";"RF";"yes";"normal";11,301;17,669;24,093;25,383;32,678;11,301;6,368;6,424;1,29;7,296;0,188;0,147;0,134;0,106;0,109;0,188;0,106;0,107;0,021;0,122;1,7;1,8;2;2;2;1,7;0,1;0,2;0;0;9,8;1,6;2,3;2,3;2,3;2,3;1,6;0,7;0;0;0;4,7;5,4;8,6;15,2;28,1;35;5,4;3,2;6,5;13;6,9;13;19,8;28,7;28,7;52;13;6,8;8,9;0;23,3;18;59,9;98,8;145,8;158,2;18;41,9;38,9;47;12,4;23,6;31,6;37,3;37,3;54,8;23,6;8;5,7;0;17,5;4,3;1,6;0,7;0;0;0;1,6;2,3;2,3;2,3;2,3;1,7;0,1;0,2;0;0;1,7;1,8;2;2;2;-0,0303030303030303;0,75;-1;NA;NA;-0,0303030303030303;0,121951219512195;0,0697674418604651;0,0697674418604651;0,0697674418604651
36;"SSD-05-RD1";"Schema";"Schema";1;"Wake";"OFA";"29.09.2024";"F";"13:04";5;5;"RB";"LB";"yes";"normal";9,341;10,935;17,483;22,938;26,053;9,341;1,594;6,547;5,456;3,115;0,156;0,091;0,097;0,096;0,087;0,156;0,027;0,109;0,091;0,052;0,3;0,3;0,7;1,1;1,1;0,3;0;0,4;0,4;0;8,6;0,8;0,8;1;1;1,4;0,8;0;0,1;0,1;0,3;3,4;12,6;12,6;20,2;32,9;58;12,6;0;7,6;12,6;25,1;8,4;8,4;19,4;24,9;59,8;8,4;0;11;5,5;34,9;16,3;26,5;52;80,3;80,3;16,3;10,2;25,5;28,3;0;22,7;72,5;88,4;101,9;101,9;22,7;49,8;15,9;13,5;0;2,5;0,3;0;0,4;0,4;0;0,3;0,3;0,7;1,1;1,1;0,8;0;0,1;0,1;0,3;0,8;0,8;1;1;1,4;-0,454545454545455;NA;0,6;0,6;-1;-0,454545454545455;-0,454545454545455;-0,176470588235294;0,0476190476190477;-0,12
37;"SSD-06-BE1";"Schema";"Schema";1;"Wake";"OFA";"29.09.2024";"L";"13:15";5;5;"LF";"RF";"yes";"normal";6,963;14,179;18,364;22,011;25,088;6,963;7,216;4,185;3,647;3,078;0,116;0,118;0,102;0,092;0,084;0,116;0,12;0,07;0,061;0,051;1,4;1,9;1,9;1,9;1,9;1,4;0,5;0;0;0;30,8;0,1;0,4;0,5;0,5;0,5;0,1;0,2;0,1;0;0;4,2;26;32,6;42,3;53;86,1;26;6,6;9,8;10,7;33;6,6;14,4;38,7;41,8;47;6,6;7,8;24,3;3,1;5,2;24;52,2;72,9;81,2;103;24;28,2;20,6;8,4;21,8;3,4;20,8;26,1;63,9;63,9;3,4;17,4;5,3;37,9;0;2,4;0,1;0,2;0,1;0;0;0,1;0,4;0,5;0,5;0,5;1,4;0,5;0;0;0;1,4;1,9;1,9;1,9;1,9;-0,866666666666667;-0,428571428571429;1;NA;NA;-0,866666666666667;-0,652173913043478;-0,583333333333333;-0,583333333333333;-0,583333333333333
38;"SSD-07-BE1";"Schema";"Schema";1;"Wake";"OFA";"4.10.2024";"R";"13:14";5;5;"LB";"LF";"yes";"normal, but one jump attempt";5,941;13,811;18,73;22,989;29,262;5,941;7,87;4,919;4,259;6,273;0,099;0,115;0,104;0,096;0,098;0,099;0,131;0,082;0,071;0,105;0,8;0,9;1,2;1,2;1,3;0,8;0,1;0,3;0;0,1;16,5;0,9;1,1;1,4;1,4;1,5;0,9;0,2;0,2;0;0,1;3,9;12,6;21,5;38,9;47,9;76,5;12,6;8,9;17,4;9;28,6;2,1;12,5;12,5;43,7;47,7;2,1;10,4;0;31,2;3,9;15,7;45,9;78,8;98;113,6;15,7;30,2;32,9;19,2;15,6;29,6;40,1;49,8;50,4;62,3;29,6;10,5;9,7;0,6;11,9;2,8;0,9;0,2;0,2;0;0,1;0,9;1,1;1,4;1,4;1,5;0,8;0,1;0,3;0;0,1;0,8;0,9;1,2;1,2;1,3;0,0588235294117647;0,333333333333333;-0,2;NA;0;0,0588235294117647;0,1;0,0769230769230769;0,0769230769230769;0,0714285714285714
39;"SSD-08-GN1";"Schema";"Schema";1;"Wake";"OFA";"4.10.2024";"L";"13:25";5;5;"RF";"RB";"yes";"normal";6,814;14,26;20,463;23,566;27,859;6,814;7,446;6,203;3,103;4,294;0,114;0,119;0,114;0,098;0,093;0,114;0,124;0,103;0,052;0,072;1,2;1,2;1,9;1,9;2,2;1,2;0;0,7;0;0,4;14,6;1,1;1,3;1,8;1,9;2;1,1;0,2;0,5;0,1;0,1;7,2;15,9;32,9;36,4;44,8;47,3;15,9;17;3,5;8,4;2,5;15,5;30,3;48,4;56,6;63,7;15,5;14,8;18,2;8,1;7,1;18,9;37,4;55,3;74,2;95,9;18,9;18,5;17,9;18,9;21,7;9,7;19,4;39,9;64,4;93,1;9,7;9,7;20,5;24,5;28,7;4,2;1,2;0;0,7;0;0,4;1,2;1,2;1,9;1,9;2,2;1,1;0,2;0,5;0,1;0,1;1,1;1,3;1,8;1,9;2;0,0434782608695652;-1;0,166666666666667;-1;0,6;0,0434782608695652;-0,04;0,027027027027027;0;0,0476190476190477
40;"SSD-09-RD1";"Schema";"Schema";1;"Wake";"OFA";"25.10.2024";"B";"13:05";5;5;"LF";"RF";"yes";"normal";8,569;14,861;18,66;21,668;25,883;8,569;6,292;3,799;3,008;4,216;0,143;0,124;0,104;0,09;0,086;0,143;0,105;0,063;0,05;0,07;0,7;0,9;1;1,2;1,2;0,7;0,2;0,1;0,2;0;3,8;2,2;3,4;3,5;4,4;4,6;2,2;1,2;0,1;0,8;0,2;5,4;18,3;27,3;27,3;35,8;43,2;18,3;9,1;0;8,5;7,4;8;21,9;22,4;24,8;51,8;8;13,9;0,4;2,4;27;14,5;17;34,5;42,6;43;14,5;2,4;17,5;8,1;0,4;19,2;53,8;95,8;136,8;162,1;19,2;34,6;42;41;25,3;5,8;2,2;1,2;0,1;0,8;0,2;2,2;3,4;3,5;4,4;4,6;0,7;0,2;0,1;0,2;0;0,7;0,9;1;1,2;1,2;0,517241379310345;0,714285714285714;0;0,6;1;0,517241379310345;0,581395348837209;0,555555555555556;0,571428571428571;0,586206896551724
41;"SSD-10-BE1";"Schema";"Schema";1;"Wake";"OFA";"25.10.2024";"R";"13:16";5;5;"RB";"LB";"yes";"normal";9,967;17,421;22,895;27,965;34,313;9,967;7,454;5,474;5,07;6,348;0,166;0,145;0,127;0,117;0,114;0,166;0,124;0,091;0,085;0,106;1;1,1;1,2;1,2;1,2;1;0,1;0,1;0;0;27,3;0,3;0,9;1,2;1,2;1,4;0,3;0,5;0,3;0;0,2;20,4;12,7;21;24,1;32,7;38,7;12,7;8,3;3,1;8,5;6;7,2;19,9;29,4;35,5;51,9;7,2;12,7;9,5;6,1;16,4;29,1;38,4;48,2;90,4;114,2;29,1;9,3;9,8;42,3;23,8;10,9;40,7;78,3;81,4;95,2;10,9;29,7;37,6;3,2;13,7;2,6;1;0,1;0,1;0;0;1;1,1;1,2;1,2;1,2;0,3;0,5;0,3;0;0,2;0,3;0,9;1,2;1,2;1,4;0,538461538461538;-0,666666666666667;-0,5;NA;-1;0,538461538461538;0,1;0;0;-0,0769230769230769
